Problem,10-score,9-score,8-score,7-score,6-score,5-score,4-score,3-score,2-score,1-score,0-score,Blank,Participants,Total_participants,>10,>9,>8,>7,>6,>5,>4,>3,>2,>1,>0,Median
A1-1995,115,64,20,0,0,0,0,0,1,0,2,2,202,204,0.57,0.89,0.99,0.99,0.99,0.99,0.99,0.99,0.99,0.99,1.00,10
A2-1995,26,10,14,0,0,0,0,0,14,3,56,81,123,204,0.21,0.29,0.41,0.41,0.41,0.41,0.41,0.41,0.52,0.54,1.00,2
A3-1995,95,44,39,0,0,0,0,0,12,5,3,6,198,204,0.48,0.70,0.90,0.90,0.90,0.90,0.90,0.90,0.96,0.98,1.00,9
A4-1995,39,9,13,0,0,0,0,0,19,1,83,40,164,204,0.24,0.29,0.37,0.37,0.37,0.37,0.37,0.37,0.49,0.49,1.00,0
A5-1995,1,1,2,1,0,0,0,6,18,14,43,118,86,204,0.01,0.02,0.05,0.06,0.06,0.06,0.06,0.13,0.34,0.50,1.00,1
A6-1995,1,0,1,0,0,0,0,0,0,0,61,141,63,204,0.02,0.02,0.03,0.03,0.03,0.03,0.03,0.03,0.03,0.03,1.00,0
B1-1995,124,26,7,0,0,0,0,0,4,10,11,22,182,204,0.68,0.82,0.86,0.86,0.86,0.86,0.86,0.86,0.88,0.94,1.00,10
B2-1995,2,54,26,0,0,0,0,0,3,13,51,55,149,204,0.01,0.38,0.55,0.55,0.55,0.55,0.55,0.55,0.57,0.66,1.00,8
B3-1995,54,15,11,0,0,0,0,0,33,15,49,27,177,204,0.31,0.39,0.45,0.45,0.45,0.45,0.45,0.45,0.64,0.72,1.00,2
B4-1995,9,18,62,4,0,0,0,2,21,33,10,45,159,204,0.06,0.17,0.56,0.58,0.58,0.58,0.58,0.60,0.73,0.94,1.00,8
B5-1995,72,11,13,0,0,0,0,0,9,6,42,51,153,204,0.47,0.54,0.63,0.63,0.63,0.63,0.63,0.63,0.69,0.73,1.00,9
B6-1995,3,2,0,0,0,0,0,0,2,3,61,133,71,204,0.04,0.07,0.07,0.07,0.07,0.07,0.07,0.07,0.10,0.14,1.00,0
A1-1996,87,26,47,0,0,0,0,0,6,9,31,0,206,206,0.42,0.55,0.78,0.78,0.78,0.78,0.78,0.78,0.81,0.85,1.00,9
A2-1996,6,11,27,0,0,0,0,0,65,23,46,28,178,206,0.03,0.10,0.25,0.25,0.25,0.25,0.25,0.25,0.61,0.74,1.00,2
A3-1996,63,18,6,0,0,0,0,0,0,0,47,72,134,206,0.47,0.60,0.65,0.65,0.65,0.65,0.65,0.65,0.65,0.65,1.00,9
A4-1996,3,7,7,0,0,0,0,0,7,19,67,96,110,206,0.03,0.09,0.15,0.15,0.15,0.15,0.15,0.15,0.22,0.39,1.00,0
A5-1996,4,4,2,0,0,0,0,0,0,13,40,143,63,206,0.06,0.13,0.16,0.16,0.16,0.16,0.16,0.16,0.16,0.37,1.00,0
A6-1996,4,4,11,0,0,0,0,0,18,13,46,110,96,206,0.04,0.08,0.20,0.20,0.20,0.20,0.20,0.20,0.39,0.52,1.00,1
B1-1996,113,72,17,0,0,0,0,0,3,1,0,0,206,206,0.55,0.90,0.98,0.98,0.98,0.98,0.98,0.98,1.00,1.00,1.00,10
B2-1996,85,13,6,0,0,0,0,0,15,7,28,52,154,206,0.55,0.64,0.68,0.68,0.68,0.68,0.68,0.68,0.77,0.82,1.00,10
B3-1996,20,19,8,0,0,0,0,0,14,36,56,53,153,206,0.13,0.25,0.31,0.31,0.31,0.31,0.31,0.31,0.40,0.63,1.00,1
B4-1996,40,4,7,0,0,0,0,0,17,4,48,86,120,206,0.33,0.37,0.43,0.43,0.43,0.43,0.43,0.43,0.57,0.60,1.00,2
B5-1996,34,4,7,0,0,0,0,0,3,2,58,98,108,206,0.31,0.35,0.42,0.42,0.42,0.42,0.42,0.42,0.44,0.46,1.00,0
B6-1996,0,1,9,0,0,0,0,0,2,0,23,171,35,206,0.00,0.03,0.29,0.29,0.29,0.29,0.29,0.29,0.34,0.34,1.00,0
A1-1997,138,3,8,0,0,0,0,0,1,2,21,32,173,205,0.80,0.82,0.86,0.86,0.86,0.86,0.86,0.86,0.87,0.88,1.00,10
A2-1997,42,42,44,0,0,0,0,0,18,7,19,33,172,205,0.24,0.49,0.74,0.74,0.74,0.74,0.74,0.74,0.85,0.89,1.00,8
A3-1997,5,28,4,0,0,0,0,0,3,36,29,100,105,205,0.05,0.31,0.35,0.35,0.35,0.35,0.35,0.35,0.38,0.72,1.00,1
A4-1997,100,21,1,0,0,0,0,0,3,8,24,48,157,205,0.64,0.77,0.78,0.78,0.78,0.78,0.78,0.78,0.80,0.85,1.00,10
A5-1997,22,10,15,0,0,0,0,0,24,11,37,86,119,205,0.18,0.27,0.39,0.39,0.39,0.39,0.39,0.39,0.60,0.69,1.00,2
A6-1997,0,1,1,0,0,0,0,0,8,8,35,152,53,205,0.00,0.02,0.04,0.04,0.04,0.04,0.04,0.04,0.19,0.34,1.00,0
B1-1997,171,6,8,0,0,0,0,0,1,8,10,1,204,205,0.84,0.87,0.91,0.91,0.91,0.91,0.91,0.91,0.91,0.95,1.00,10
B2-1997,28,1,1,0,0,0,0,0,1,3,38,133,72,205,0.39,0.40,0.42,0.42,0.42,0.42,0.42,0.42,0.43,0.47,1.00,0
B3-1997,1,4,7,0,0,0,0,0,22,20,89,62,143,205,0.01,0.03,0.08,0.08,0.08,0.08,0.08,0.08,0.24,0.38,1.00,0
B4-1997,23,6,7,0,0,0,0,0,5,4,35,125,80,205,0.29,0.36,0.45,0.45,0.45,0.45,0.45,0.45,0.51,0.56,1.00,2
B5-1997,9,4,3,0,0,0,0,0,17,24,44,104,101,205,0.09,0.13,0.16,0.16,0.16,0.16,0.16,0.16,0.33,0.56,1.00,1
B6-1997,5,4,5,0,0,0,0,0,3,0,51,137,68,205,0.07,0.13,0.21,0.21,0.21,0.21,0.21,0.21,0.25,0.25,1.00,0
A1-1998,156,23,4,0,0,0,0,0,0,0,16,0,199,199,0.78,0.90,0.92,0.92,0.92,0.92,0.92,0.92,0.92,0.92,1.00,10
A2-1998,103,35,26,0,0,0,0,0,9,8,12,6,193,199,0.53,0.72,0.85,0.85,0.85,0.85,0.85,0.85,0.90,0.94,1.00,10
A3-1998,82,34,2,0,0,0,0,0,5,0,39,37,162,199,0.51,0.72,0.73,0.73,0.73,0.73,0.73,0.73,0.76,0.76,1.00,10
A4-1998,39,27,52,0,0,0,0,0,49,7,14,11,188,199,0.21,0.35,0.63,0.63,0.63,0.63,0.63,0.63,0.89,0.93,1.00,8
A5-1998,85,24,15,0,0,0,0,0,5,2,8,60,139,199,0.61,0.78,0.89,0.89,0.89,0.89,0.89,0.89,0.93,0.94,1.00,10
A6-1998,12,1,3,0,0,0,0,0,3,9,92,79,120,199,0.10,0.11,0.13,0.13,0.13,0.13,0.13,0.13,0.16,0.23,1.00,0
B1-1998,112,30,30,0,0,0,0,0,3,3,12,9,190,199,0.59,0.75,0.91,0.91,0.91,0.91,0.91,0.91,0.92,0.94,1.00,10
B2-1998,82,10,9,0,0,0,0,0,3,11,38,46,153,199,0.54,0.60,0.66,0.66,0.66,0.66,0.66,0.66,0.68,0.75,1.00,10
B3-1998,44,4,3,0,0,0,0,0,7,2,62,77,122,199,0.36,0.39,0.42,0.42,0.42,0.42,0.42,0.42,0.48,0.49,1.00,0
B4-1998,42,9,22,0,0,0,0,0,21,28,24,53,146,199,0.29,0.35,0.50,0.50,0.50,0.50,0.50,0.50,0.64,0.84,1.00,8
B5-1998,55,2,29,0,0,0,0,0,8,0,29,76,123,199,0.45,0.46,0.70,0.70,0.70,0.70,0.70,0.70,0.76,0.76,1.00,8
B6-1998,25,8,8,0,0,0,0,0,4,5,31,118,81,199,0.31,0.41,0.51,0.51,0.51,0.51,0.51,0.51,0.56,0.62,1.00,8
A1-1999,124,17,34,0,0,0,0,0,10,4,11,5,200,205,0.62,0.71,0.88,0.88,0.88,0.88,0.88,0.88,0.93,0.95,1.00,10
A2-1999,61,16,28,0,0,0,0,0,2,4,52,42,163,205,0.37,0.47,0.64,0.64,0.64,0.64,0.64,0.64,0.66,0.68,1.00,8
A3-1999,103,10,2,0,0,0,0,0,1,18,27,44,161,205,0.64,0.70,0.71,0.71,0.71,0.71,0.71,0.71,0.72,0.83,1.00,10
A4-1999,33,27,3,0,0,0,0,0,3,2,14,123,82,205,0.40,0.73,0.77,0.77,0.77,0.77,0.77,0.77,0.80,0.83,1.00,9
A5-1999,5,1,4,0,0,0,0,0,3,10,63,119,86,205,0.06,0.07,0.12,0.12,0.12,0.12,0.12,0.12,0.15,0.27,1.00,0
A6-1999,31,11,9,0,0,0,0,0,1,5,28,120,85,205,0.36,0.49,0.60,0.60,0.60,0.60,0.60,0.60,0.61,0.67,1.00,8
B1-1999,126,17,17,0,0,0,0,0,6,0,23,16,189,205,0.67,0.76,0.85,0.85,0.85,0.85,0.85,0.85,0.88,0.88,1.00,10
B2-1999,38,27,9,0,0,0,0,0,9,0,74,48,157,205,0.24,0.41,0.47,0.47,0.47,0.47,0.47,0.47,0.53,0.53,1.00,2
B3-1999,44,2,2,0,0,0,0,0,13,14,56,74,131,205,0.34,0.35,0.37,0.37,0.37,0.37,0.37,0.37,0.47,0.57,1.00,1
B4-1999,0,0,0,0,0,0,0,0,1,0,31,173,32,205,0.00,0.00,0.00,0.00,0.00,0.00,0.00,0.00,0.03,0.03,1.00,0
B5-1999,0,0,0,0,0,0,0,0,1,0,43,161,44,205,0.00,0.00,0.00,0.00,0.00,0.00,0.00,0.00,0.02,0.02,1.00,0
B6-1999,3,5,5,0,0,0,0,0,3,0,80,109,96,205,0.03,0.08,0.14,0.14,0.14,0.14,0.14,0.14,0.17,0.17,1.00,0
A1-2000,61,9,5,0,0,0,0,0,14,54,41,11,184,195,0.33,0.38,0.41,0.41,0.41,0.41,0.41,0.41,0.48,0.78,1.00,1
A2-2000,150,1,0,0,0,0,0,0,1,0,23,20,175,195,0.86,0.86,0.86,0.86,0.86,0.86,0.86,0.86,0.87,0.87,1.00,10
A3-2000,64,20,20,0,0,0,0,0,23,9,27,32,163,195,0.39,0.52,0.64,0.64,0.64,0.64,0.64,0.64,0.78,0.83,1.00,9
A4-2000,10,2,2,0,0,0,0,0,6,2,43,130,65,195,0.15,0.18,0.22,0.22,0.22,0.22,0.22,0.22,0.31,0.34,1.00,0
A5-2000,30,11,4,0,0,0,0,0,2,0,19,129,66,195,0.45,0.62,0.68,0.68,0.68,0.68,0.68,0.68,0.71,0.71,1.00,9
A6-2000,1,2,2,0,0,0,0,0,3,19,57,111,84,195,0.01,0.04,0.06,0.06,0.06,0.06,0.06,0.06,0.10,0.32,1.00,0
B1-2000,126,14,4,0,0,0,0,0,8,14,14,15,180,195,0.70,0.78,0.80,0.80,0.80,0.80,0.80,0.80,0.84,0.92,1.00,10
B2-2000,114,7,2,0,0,0,0,0,2,6,35,29,166,195,0.69,0.73,0.74,0.74,0.74,0.74,0.74,0.74,0.75,0.79,1.00,10
B3-2000,5,3,3,1,0,0,0,16,9,26,3,129,66,195,0.08,0.12,0.17,0.18,0.18,0.18,0.18,0.42,0.56,0.95,1.00,2
B4-2000,14,5,1,0,0,0,0,0,3,6,106,60,135,195,0.10,0.14,0.15,0.15,0.15,0.15,0.15,0.15,0.17,0.21,1.00,0
B5-2000,29,16,14,0,0,0,0,0,13,1,11,111,84,195,0.35,0.54,0.70,0.70,0.70,0.70,0.70,0.70,0.86,0.87,1.00,9
B6-2000,8,1,0,0,0,0,0,0,0,0,41,145,50,195,0.16,0.18,0.18,0.18,0.18,0.18,0.18,0.18,0.18,0.18,1.00,0
A1-2001,189,1,0,0,0,0,0,0,0,0,8,2,198,200,0.95,0.96,0.96,0.96,0.96,0.96,0.96,0.96,0.96,0.96,1.00,10
A2-2001,163,6,5,0,0,0,0,0,1,1,14,10,190,200,0.86,0.89,0.92,0.92,0.92,0.92,0.92,0.92,0.92,0.93,1.00,10
A3-2001,97,33,5,0,0,0,0,0,24,22,7,12,188,200,0.52,0.69,0.72,0.72,0.72,0.72,0.72,0.72,0.85,0.96,1.00,10
A4-2001,29,7,8,0,0,0,0,0,10,10,47,89,111,200,0.26,0.32,0.40,0.40,0.40,0.40,0.40,0.40,0.49,0.58,1.00,1
A5-2001,12,9,10,0,0,0,0,0,9,41,33,86,114,200,0.11,0.18,0.27,0.27,0.27,0.27,0.27,0.27,0.35,0.71,1.00,1
A6-2001,1,0,0,0,0,0,0,0,0,1,57,141,59,200,0.02,0.02,0.02,0.02,0.02,0.02,0.02,0.02,0.02,0.03,1.00,0
B1-2001,136,25,7,0,0,0,0,0,3,3,20,6,194,200,0.70,0.83,0.87,0.87,0.87,0.87,0.87,0.87,0.88,0.90,1.00,10
B2-2001,38,1,2,0,0,0,0,0,2,7,52,98,102,200,0.37,0.38,0.40,0.40,0.40,0.40,0.40,0.40,0.42,0.49,1.00,0
B3-2001,120,6,5,0,0,0,0,0,12,17,5,35,165,200,0.73,0.76,0.79,0.79,0.79,0.79,0.79,0.79,0.87,0.97,1.00,10
B4-2001,43,21,28,0,0,0,0,0,3,0,34,71,129,200,0.33,0.50,0.71,0.71,0.71,0.71,0.71,0.71,0.74,0.74,1.00,8
B5-2001,2,0,0,0,0,0,0,0,3,3,82,110,90,200,0.02,0.02,0.02,0.02,0.02,0.02,0.02,0.02,0.06,0.09,1.00,0
B6-2001,9,5,2,0,0,0,0,0,2,0,40,142,58,200,0.16,0.24,0.28,0.28,0.28,0.28,0.28,0.28,0.31,0.31,1.00,0
A1-2002,115,9,41,0,0,0,0,0,16,2,20,7,203,210,0.57,0.61,0.81,0.81,0.81,0.81,0.81,0.81,0.89,0.90,1.00,10
A2-2002,75,106,14,0,0,0,0,0,3,1,1,10,200,210,0.38,0.91,0.98,0.98,0.98,0.98,0.98,0.98,0.99,1.00,1.00,9
A3-2002,63,32,8,0,0,0,0,0,7,7,26,67,143,210,0.44,0.66,0.72,0.72,0.72,0.72,0.72,0.72,0.77,0.82,1.00,9
A4-2002,61,30,19,0,0,0,0,0,24,9,31,36,174,210,0.35,0.52,0.63,0.63,0.63,0.63,0.63,0.63,0.77,0.82,1.00,9
A5-2002,21,32,29,0,0,0,0,0,24,3,27,74,136,210,0.15,0.39,0.60,0.60,0.60,0.60,0.60,0.60,0.78,0.80,1.00,8
A6-2002,3,4,3,0,0,0,0,0,5,5,58,132,78,210,0.04,0.09,0.13,0.13,0.13,0.13,0.13,0.13,0.19,0.26,1.00,0
B1-2002,162,17,2,0,0,0,0,0,2,2,15,10,200,210,0.81,0.90,0.91,0.91,0.91,0.91,0.91,0.91,0.92,0.93,1.00,10
B2-2002,107,48,18,0,0,0,0,0,18,1,8,10,200,210,0.54,0.78,0.87,0.87,0.87,0.87,0.87,0.87,0.96,0.96,1.00,10
B3-2002,30,1,0,0,0,0,0,0,30,2,78,69,141,210,0.21,0.22,0.22,0.22,0.22,0.22,0.22,0.22,0.43,0.45,1.00,0
B4-2002,84,13,11,0,0,0,0,0,4,6,50,42,168,210,0.50,0.58,0.64,0.64,0.64,0.64,0.64,0.64,0.67,0.70,1.00,10
B5-2002,28,0,5,0,0,0,0,0,2,0,27,148,62,210,0.45,0.45,0.53,0.53,0.53,0.53,0.53,0.53,0.56,0.56,1.00,8
B6-2002,7,6,4,0,0,0,0,0,3,3,28,159,51,210,0.14,0.25,0.33,0.33,0.33,0.33,0.33,0.33,0.39,0.45,1.00,0
A1-2003,149,3,29,0,0,0,0,0,10,1,5,4,197,201,0.76,0.77,0.92,0.92,0.92,0.92,0.92,0.92,0.97,0.97,1.00,10
A2-2003,55,25,8,0,0,0,0,0,15,1,35,62,139,201,0.40,0.58,0.63,0.63,0.63,0.63,0.63,0.63,0.74,0.75,1.00,9
A3-2003,10,1,7,0,0,0,0,0,2,4,100,77,124,201,0.08,0.09,0.15,0.15,0.15,0.15,0.15,0.15,0.16,0.19,1.00,0
A4-2003,15,4,5,0,0,0,0,0,71,18,27,61,140,201,0.11,0.14,0.17,0.17,0.17,0.17,0.17,0.17,0.68,0.81,1.00,2
A5-2003,27,0,1,0,0,0,0,0,6,2,33,132,69,201,0.39,0.39,0.41,0.41,0.41,0.41,0.41,0.41,0.49,0.52,1.00,1
A6-2003,18,6,4,0,0,0,0,0,7,4,45,117,84,201,0.21,0.29,0.33,0.33,0.33,0.33,0.33,0.33,0.42,0.46,1.00,0
B1-2003,62,6,4,0,0,0,0,0,14,6,83,26,175,201,0.35,0.39,0.41,0.41,0.41,0.41,0.41,0.41,0.49,0.53,1.00,1
B2-2003,119,13,4,0,0,0,0,0,30,6,12,17,184,201,0.65,0.72,0.74,0.74,0.74,0.74,0.74,0.74,0.90,0.93,1.00,10
B3-2003,97,35,20,0,0,0,0,0,10,5,12,22,179,201,0.54,0.74,0.85,0.85,0.85,0.85,0.85,0.85,0.91,0.93,1.00,10
B4-2003,120,12,11,0,0,0,0,0,5,2,16,35,166,201,0.72,0.80,0.86,0.86,0.86,0.86,0.86,0.86,0.89,0.90,1.00,10
B5-2003,31,6,19,0,0,0,0,0,15,0,36,94,107,201,0.29,0.35,0.52,0.52,0.52,0.52,0.52,0.52,0.66,0.66,1.00,8
B6-2003,10,0,0,0,0,0,0,0,1,9,40,132,60,192,0.17,0.17,0.17,0.17,0.17,0.17,0.17,0.17,0.18,0.33,1.00,0
A1-2004,139,3,26,0,0,0,0,0,7,0,20,1,195,196,0.71,0.73,0.86,0.86,0.86,0.86,0.86,0.86,0.90,0.90,1.00,10
A2-2004,64,10,11,0,0,0,0,0,7,1,83,20,176,196,0.36,0.42,0.48,0.48,0.48,0.48,0.48,0.48,0.52,0.53,1.00,2
A3-2004,148,13,4,0,0,0,0,0,2,9,8,12,184,196,0.80,0.88,0.90,0.90,0.90,0.90,0.90,0.90,0.91,0.96,1.00,10
A4-2004,23,6,8,0,0,0,0,0,15,13,69,62,134,196,0.17,0.22,0.28,0.28,0.28,0.28,0.28,0.28,0.39,0.49,1.00,0
A5-2004,14,0,2,0,0,0,0,0,0,0,55,125,71,196,0.20,0.20,0.23,0.23,0.23,0.23,0.23,0.23,0.23,0.23,1.00,0
A6-2004,7,3,4,0,0,0,0,0,1,0,49,132,64,196,0.11,0.16,0.22,0.22,0.22,0.22,0.22,0.22,0.23,0.23,1.00,0
B1-2004,156,3,2,0,0,0,0,0,2,3,27,3,193,196,0.81,0.82,0.83,0.83,0.83,0.83,0.83,0.83,0.84,0.86,1.00,10
B2-2004,56,41,39,0,0,0,0,0,22,0,28,10,186,196,0.30,0.52,0.73,0.73,0.73,0.73,0.73,0.73,0.85,0.85,1.00,9
B3-2004,79,10,1,0,0,0,0,0,3,44,35,24,172,196,0.46,0.52,0.52,0.52,0.52,0.52,0.52,0.52,0.54,0.80,1.00,9
B4-2004,92,42,10,0,0,0,0,0,8,9,19,16,180,196,0.51,0.74,0.80,0.80,0.80,0.80,0.80,0.80,0.84,0.89,1.00,10
B5-2004,16,3,1,0,0,0,0,0,3,12,62,99,97,196,0.16,0.20,0.21,0.21,0.21,0.21,0.21,0.21,0.24,0.36,1.00,0
B6-2004,4,1,0,0,0,0,0,0,1,1,58,131,65,196,0.06,0.08,0.08,0.08,0.08,0.08,0.08,0.08,0.09,0.11,1.00,0
A1-2005,132,17,6,0,0,0,0,0,10,4,16,11,185,196,0.71,0.81,0.84,0.84,0.84,0.84,0.84,0.84,0.89,0.91,1.00,10
A2-2005,85,44,13,0,0,0,0,0,24,5,12,13,183,196,0.46,0.70,0.78,0.78,0.78,0.78,0.78,0.78,0.91,0.93,1.00,9
A3-2005,14,2,5,0,0,0,0,0,6,4,86,79,117,196,0.12,0.14,0.18,0.18,0.18,0.18,0.18,0.18,0.23,0.26,1.00,0
A4-2005,20,0,7,0,0,0,0,0,3,0,55,111,85,196,0.24,0.24,0.32,0.32,0.32,0.32,0.32,0.32,0.35,0.35,1.00,0
A5-2005,10,10,0,0,0,0,0,0,2,2,40,132,64,196,0.16,0.31,0.31,0.31,0.31,0.31,0.31,0.31,0.34,0.38,1.00,0
A6-2005,5,0,2,0,0,0,0,0,3,0,65,121,75,196,0.07,0.07,0.09,0.09,0.09,0.09,0.09,0.09,0.13,0.13,1.00,0
B1-2005,155,9,22,0,0,0,0,0,7,0,3,0,196,196,0.79,0.84,0.95,0.95,0.95,0.95,0.95,0.95,0.98,0.98,1.00,10
B2-2005,148,11,4,0,0,0,0,0,9,1,13,10,186,196,0.80,0.85,0.88,0.88,0.88,0.88,0.88,0.88,0.92,0.93,1.00,10
B3-2005,23,34,8,0,0,0,0,0,2,8,75,46,150,196,0.15,0.38,0.43,0.43,0.43,0.43,0.43,0.43,0.45,0.50,1.00,1
B4-2005,97,15,12,0,0,0,0,0,13,12,27,20,176,196,0.55,0.64,0.70,0.70,0.70,0.70,0.70,0.70,0.78,0.85,1.00,10
B5-2005,4,0,1,0,0,0,0,0,0,0,54,137,59,196,0.07,0.07,0.08,0.08,0.08,0.08,0.08,0.08,0.08,0.08,1.00,0
B6-2005,18,0,1,0,0,0,0,0,2,1,41,133,63,196,0.29,0.29,0.30,0.30,0.30,0.30,0.30,0.30,0.33,0.35,1.00,0
A1-2006,129,3,11,0,0,0,0,0,6,2,47,0,198,198,0.65,0.67,0.72,0.72,0.72,0.72,0.72,0.72,0.75,0.76,1.00,10
A2-2006,96,37,30,0,0,0,0,0,4,4,27,0,198,198,0.48,0.67,0.82,0.82,0.82,0.82,0.82,0.82,0.84,0.86,1.00,9
A3-2006,63,17,13,0,0,0,0,0,6,0,39,60,138,198,0.46,0.58,0.67,0.67,0.67,0.67,0.67,0.67,0.72,0.72,1.00,9
A4-2006,112,17,0,0,0,0,0,0,3,6,32,28,170,198,0.66,0.76,0.76,0.76,0.76,0.76,0.76,0.76,0.78,0.81,1.00,10
A5-2006,16,3,3,0,0,0,0,0,5,5,46,120,78,198,0.21,0.24,0.28,0.28,0.28,0.28,0.28,0.28,0.35,0.41,1.00,0
A6-2006,1,0,0,0,0,0,0,0,0,2,58,137,61,198,0.02,0.02,0.02,0.02,0.02,0.02,0.02,0.02,0.02,0.05,1.00,0
B1-2006,52,13,54,0,0,0,0,0,4,2,30,43,155,198,0.34,0.42,0.77,0.77,0.77,0.77,0.77,0.77,0.79,0.81,1.00,8
B2-2006,123,28,16,0,0,0,0,0,3,0,13,15,183,198,0.67,0.83,0.91,0.91,0.91,0.91,0.91,0.91,0.93,0.93,1.00,10
B3-2006,15,12,23,0,0,0,0,0,54,25,33,36,162,198,0.09,0.17,0.31,0.31,0.31,0.31,0.31,0.31,0.64,0.80,1.00,2
B4-2006,22,7,4,0,0,0,0,0,9,17,91,48,150,198,0.15,0.19,0.22,0.22,0.22,0.22,0.22,0.22,0.28,0.39,1.00,0
B5-2006,93,17,6,0,0,0,0,0,6,1,15,60,138,198,0.67,0.80,0.84,0.84,0.84,0.84,0.84,0.84,0.88,0.89,1.00,10
B6-2006,6,2,0,0,0,0,0,0,7,5,42,136,62,198,0.10,0.13,0.13,0.13,0.13,0.13,0.13,0.13,0.24,0.32,1.00,0
A1-2007,29,6,30,0,0,0,0,0,96,12,23,10,196,206,0.15,0.18,0.33,0.33,0.33,0.33,0.33,0.33,0.82,0.88,1.00,2
A2-2007,106,33,12,0,0,0,0,0,16,7,17,15,191,206,0.55,0.73,0.79,0.79,0.79,0.79,0.79,0.79,0.87,0.91,1.00,10
A3-2007,126,0,0,0,0,0,0,0,49,6,9,16,190,206,0.66,0.66,0.66,0.66,0.66,0.66,0.66,0.66,0.92,0.95,1.00,10
A4-2007,12,19,14,0,0,0,0,0,10,2,91,58,148,206,0.08,0.21,0.30,0.30,0.30,0.30,0.30,0.30,0.37,0.39,1.00,0
A5-2007,7,5,2,0,0,0,0,0,6,7,91,88,118,206,0.06,0.10,0.12,0.12,0.12,0.12,0.12,0.12,0.17,0.23,1.00,0
A6-2007,3,0,0,0,0,0,0,0,0,4,69,130,76,206,0.04,0.04,0.04,0.04,0.04,0.04,0.04,0.04,0.04,0.09,1.00,0
B1-2007,189,10,3,0,0,0,0,0,3,0,0,1,205,206,0.92,0.97,0.99,0.99,0.99,0.99,0.99,0.99,1.00,1.00,1.00,10
B2-2007,80,11,9,0,0,0,0,0,27,21,34,24,182,206,0.44,0.50,0.55,0.55,0.55,0.55,0.55,0.55,0.70,0.81,1.00,9
B3-2007,65,12,10,0,0,0,0,0,10,10,29,70,136,206,0.48,0.57,0.64,0.64,0.64,0.64,0.64,0.64,0.71,0.79,1.00,9
B4-2007,45,10,4,0,0,0,0,0,2,5,75,65,141,206,0.32,0.39,0.42,0.42,0.42,0.42,0.42,0.42,0.43,0.47,1.00,0
B5-2007,39,3,6,0,0,0,0,0,4,2,28,124,82,206,0.48,0.51,0.59,0.59,0.59,0.59,0.59,0.59,0.63,0.66,1.00,9
B6-2007,2,2,0,0,0,0,0,0,1,2,28,171,35,206,0.06,0.11,0.11,0.11,0.11,0.11,0.11,0.11,0.14,0.20,1.00,0
A1-2008,177,5,4,0,0,0,0,0,0,3,0,0,189,189,0.94,0.96,0.98,0.98,0.98,0.98,0.98,0.98,0.98,1.00,1.00,10
A2-2008,136,14,10,0,0,0,0,0,0,0,14,15,174,189,0.78,0.86,0.92,0.92,0.92,0.92,0.92,0.92,0.92,0.92,1.00,10
A3-2008,67,25,47,0,0,0,0,0,32,3,10,5,184,189,0.36,0.50,0.76,0.76,0.76,0.76,0.76,0.76,0.93,0.95,1.00,9
A4-2008,74,29,13,0,0,0,0,0,5,2,34,32,157,189,0.47,0.66,0.74,0.74,0.74,0.74,0.74,0.74,0.77,0.78,1.00,9
A5-2008,32,9,13,0,0,0,0,0,6,5,71,53,136,189,0.24,0.30,0.40,0.40,0.40,0.40,0.40,0.40,0.44,0.48,1.00,0
A6-2008,11,5,2,0,0,0,0,0,7,13,26,125,64,189,0.17,0.25,0.28,0.28,0.28,0.28,0.28,0.28,0.39,0.59,1.00,1
B1-2008,118,2,44,0,0,0,0,0,0,0,19,6,183,189,0.64,0.66,0.90,0.90,0.90,0.90,0.90,0.90,0.90,0.90,1.00,10
B2-2008,83,17,6,0,0,0,0,0,45,4,15,19,170,189,0.49,0.59,0.62,0.62,0.62,0.62,0.62,0.62,0.89,0.91,1.00,9
B3-2008,19,7,3,0,0,0,0,0,16,5,54,85,104,189,0.18,0.25,0.28,0.28,0.28,0.28,0.28,0.28,0.43,0.48,1.00,0
B4-2008,81,17,7,0,0,0,0,0,16,5,23,40,149,189,0.54,0.66,0.70,0.70,0.70,0.70,0.70,0.70,0.81,0.85,1.00,10
B5-2008,17,25,8,0,0,0,0,0,6,6,65,62,127,189,0.13,0.33,0.39,0.39,0.39,0.39,0.39,0.39,0.44,0.49,1.00,0
B6-2008,12,3,0,0,0,0,0,0,4,4,32,134,55,189,0.22,0.27,0.27,0.27,0.27,0.27,0.27,0.27,0.35,0.42,1.00,0
A1-2009,193,4,2,0,0,0,0,0,0,0,1,0,200,200,0.97,0.99,1.00,1.00,1.00,1.00,1.00,1.00,1.00,1.00,1.00,10
A2-2009,84,22,24,0,0,0,0,0,6,8,40,16,184,200,0.46,0.58,0.71,0.71,0.71,0.71,0.71,0.71,0.74,0.78,1.00,9
A3-2009,81,6,6,0,0,0,0,0,6,2,39,60,140,200,0.58,0.62,0.66,0.66,0.66,0.66,0.66,0.66,0.71,0.72,1.00,10
A4-2009,49,27,23,0,0,0,0,0,6,11,54,30,170,200,0.29,0.45,0.58,0.58,0.58,0.58,0.58,0.58,0.62,0.68,1.00,8
A5-2009,26,5,1,0,0,0,0,0,6,6,70,86,114,200,0.23,0.27,0.28,0.28,0.28,0.28,0.28,0.28,0.33,0.39,1.00,0
A6-2009,5,2,1,0,0,0,0,0,0,0,53,139,61,200,0.08,0.11,0.13,0.13,0.13,0.13,0.13,0.13,0.13,0.13,1.00,0
B1-2009,142,33,15,0,0,0,0,0,3,2,5,0,200,200,0.71,0.88,0.95,0.95,0.95,0.95,0.95,0.95,0.97,0.98,1.00,10
B2-2009,62,3,0,0,0,0,0,0,63,13,49,10,190,200,0.33,0.34,0.34,0.34,0.34,0.34,0.34,0.34,0.67,0.74,1.00,2
B3-2009,105,22,9,0,0,0,0,0,6,4,26,28,172,200,0.61,0.74,0.79,0.79,0.79,0.79,0.79,0.79,0.83,0.85,1.00,10
B4-2009,56,13,3,0,0,0,0,0,1,7,59,61,139,200,0.40,0.50,0.52,0.52,0.52,0.52,0.52,0.52,0.53,0.58,1.00,8
B5-2009,7,4,3,0,0,0,0,0,1,6,84,95,105,200,0.07,0.10,0.13,0.13,0.13,0.13,0.13,0.13,0.14,0.20,1.00,0
B6-2009,2,0,3,0,0,0,0,0,1,0,47,147,53,200,0.04,0.04,0.09,0.09,0.09,0.09,0.09,0.09,0.11,0.11,1.00,0
A1-2010,181,0,0,0,0,0,0,0,0,0,7,0,188,188,0.96,0.96,0.96,0.96,0.96,0.96,0.96,0.96,0.96,0.96,1.00,10
A2-2010,103,42,26,0,0,0,0,0,6,2,7,2,186,188,0.55,0.78,0.92,0.92,0.92,0.92,0.92,0.92,0.95,0.96,1.00,10
A3-2010,30,43,6,0,0,0,0,0,5,0,56,48,140,188,0.21,0.52,0.56,0.56,0.56,0.56,0.56,0.56,0.60,0.60,1.00,9
A4-2010,90,29,1,0,0,0,0,0,2,2,25,39,149,188,0.60,0.80,0.81,0.81,0.81,0.81,0.81,0.81,0.82,0.83,1.00,10
A5-2010,26,9,4,0,0,0,0,0,63,4,38,44,144,188,0.18,0.24,0.27,0.27,0.27,0.27,0.27,0.27,0.71,0.74,1.00,2
A6-2010,12,1,4,0,0,0,0,0,2,5,44,120,68,188,0.18,0.19,0.25,0.25,0.25,0.25,0.25,0.25,0.28,0.35,1.00,0
B1-2010,144,24,5,0,0,0,0,0,2,4,8,1,187,188,0.77,0.90,0.93,0.93,0.93,0.93,0.93,0.93,0.94,0.96,1.00,10
B2-2010,133,5,31,0,0,0,0,0,10,2,4,3,185,188,0.72,0.75,0.91,0.91,0.91,0.91,0.91,0.91,0.97,0.98,1.00,10
B3-2010,152,0,0,0,0,0,0,0,0,0,32,4,184,188,0.83,0.83,0.83,0.83,0.83,0.83,0.83,0.83,0.83,0.83,1.00,10
B4-2010,37,8,3,0,0,0,0,0,3,3,78,56,132,188,0.28,0.34,0.36,0.36,0.36,0.36,0.36,0.36,0.39,0.41,1.00,0
B5-2010,11,9,17,0,0,0,0,0,2,3,63,83,105,188,0.10,0.19,0.35,0.35,0.35,0.35,0.35,0.35,0.37,0.40,1.00,0
B6-2010,24,4,7,0,0,0,0,0,1,7,28,117,71,188,0.34,0.39,0.49,0.49,0.49,0.49,0.49,0.49,0.51,0.61,1.00,2
A1-2011,90,11,11,0,0,0,0,0,25,5,54,1,196,197,0.46,0.52,0.57,0.57,0.57,0.57,0.57,0.57,0.70,0.72,1.00,9
A2-2011,87,21,9,0,0,0,0,0,40,10,15,15,182,197,0.48,0.59,0.64,0.64,0.64,0.64,0.64,0.64,0.86,0.92,1.00,9
A3-2011,12,0,3,0,0,0,0,0,24,12,48,98,99,197,0.12,0.12,0.15,0.15,0.15,0.15,0.15,0.15,0.39,0.52,1.00,1
A4-2011,37,8,5,0,0,0,0,0,6,103,12,26,171,197,0.22,0.26,0.29,0.29,0.29,0.29,0.29,0.29,0.33,0.93,1.00,1
A5-2011,1,0,0,0,0,0,0,0,0,0,15,181,16,197,0.06,0.06,0.06,0.06,0.06,0.06,0.06,0.06,0.06,0.06,1.00,0
A6-2011,1,1,1,0,0,0,0,0,6,2,8,178,19,197,0.05,0.11,0.16,0.16,0.16,0.16,0.16,0.16,0.47,0.58,1.00,1
B1-2011,105,8,12,0,0,0,0,0,9,9,48,6,191,197,0.55,0.59,0.65,0.65,0.65,0.65,0.65,0.65,0.70,0.75,1.00,10
B2-2011,141,7,14,0,0,0,0,0,6,15,12,2,195,197,0.72,0.76,0.83,0.83,0.83,0.83,0.83,0.83,0.86,0.94,1.00,10
B3-2011,65,13,3,0,0,0,0,0,22,19,45,30,167,197,0.39,0.47,0.49,0.49,0.49,0.49,0.49,0.49,0.62,0.73,1.00,2
B4-2011,3,1,2,0,0,0,0,0,15,20,54,102,95,197,0.03,0.04,0.06,0.06,0.06,0.06,0.06,0.06,0.22,0.43,1.00,0
B5-2011,12,3,2,0,0,0,0,0,2,1,32,145,52,197,0.23,0.29,0.33,0.33,0.33,0.33,0.33,0.33,0.37,0.38,1.00,0
B6-2011,0,0,0,0,0,0,0,0,0,0,38,159,38,197,0.00,0.00,0.00,0.00,0.00,0.00,0.00,0.00,0.00,0.00,1.00,0
A1-2012,142,28,14,0,0,0,0,0,2,0,1,2,187,189,0.76,0.91,0.98,0.98,0.98,0.98,0.98,0.98,0.99,0.99,1.00,10
A2-2012,151,21,8,0,0,0,0,0,0,0,7,2,187,189,0.81,0.92,0.96,0.96,0.96,0.96,0.96,0.96,0.96,0.96,1.00,10
A3-2012,49,31,13,0,0,0,0,0,16,11,25,44,145,189,0.34,0.55,0.64,0.64,0.64,0.64,0.64,0.64,0.75,0.83,1.00,9
A4-2012,5,0,0,0,0,0,0,0,0,2,97,85,104,189,0.05,0.05,0.05,0.05,0.05,0.05,0.05,0.05,0.05,0.07,1.00,0
A5-2012,8,0,1,0,0,0,0,0,3,2,60,115,74,189,0.11,0.11,0.12,0.12,0.12,0.12,0.12,0.12,0.16,0.19,1.00,0
A6-2012,3,3,0,0,0,0,0,0,0,0,52,131,58,189,0.05,0.10,0.10,0.10,0.10,0.10,0.10,0.10,0.10,0.10,1.00,0
B1-2012,174,9,0,0,0,0,0,0,3,2,0,1,188,189,0.93,0.97,0.97,0.97,0.97,0.97,0.97,0.97,0.99,1.00,1.00,10
B2-2012,84,14,12,0,0,0,0,0,20,17,20,22,167,189,0.50,0.59,0.66,0.66,0.66,0.66,0.66,0.66,0.78,0.88,1.00,10
B3-2012,44,2,3,0,0,0,0,0,4,21,48,61,122,183,0.36,0.38,0.40,0.40,0.40,0.40,0.40,0.40,0.43,0.61,1.00,1
B4-2012,25,3,0,0,0,0,0,0,3,1,95,62,127,189,0.20,0.22,0.22,0.22,0.22,0.22,0.22,0.22,0.24,0.25,1.00,0
B5-2012,2,0,1,0,0,0,0,0,0,1,18,167,22,189,0.09,0.09,0.14,0.14,0.14,0.14,0.14,0.14,0.14,0.18,1.00,0
B6-2012,15,0,0,0,0,0,0,0,3,10,33,128,61,189,0.25,0.25,0.25,0.25,0.25,0.25,0.25,0.25,0.30,0.46,1.00,0
A1-2013,184,3,5,0,0,0,0,0,5,0,3,1,200,201,0.92,0.94,0.96,0.96,0.96,0.96,0.96,0.96,0.99,0.99,1.00,10
A2-2013,153,20,8,0,0,0,0,0,2,1,9,8,193,201,0.79,0.90,0.94,0.94,0.94,0.94,0.94,0.94,0.95,0.95,1.00,10
A3-2013,61,15,9,0,0,0,0,0,1,6,53,56,145,201,0.42,0.52,0.59,0.59,0.59,0.59,0.59,0.59,0.59,0.63,1.00,9
A4-2013,53,8,5,0,0,0,0,0,4,4,41,86,115,201,0.46,0.53,0.57,0.57,0.57,0.57,0.57,0.57,0.61,0.64,1.00,9
A5-2013,5,6,2,0,0,0,0,0,1,0,41,146,55,201,0.09,0.20,0.24,0.24,0.24,0.24,0.24,0.24,0.25,0.25,1.00,0
A6-2013,1,2,0,0,0,0,0,0,1,2,33,162,39,201,0.03,0.08,0.08,0.08,0.08,0.08,0.08,0.08,0.10,0.15,1.00,0
B1-2013,166,13,3,0,0,0,0,0,6,1,10,2,199,201,0.83,0.90,0.91,0.91,0.91,0.91,0.91,0.91,0.94,0.95,1.00,10
B2-2013,80,3,1,0,0,0,0,0,23,0,22,72,129,201,0.62,0.64,0.65,0.65,0.65,0.65,0.65,0.65,0.83,0.83,1.00,10
B3-2013,115,16,3,0,0,0,0,0,11,4,38,14,187,201,0.61,0.70,0.72,0.72,0.72,0.72,0.72,0.72,0.78,0.80,1.00,10
B4-2013,11,1,0,0,0,0,0,0,1,0,68,120,81,201,0.14,0.15,0.15,0.15,0.15,0.15,0.15,0.15,0.16,0.16,1.00,0
B5-2013,13,0,2,0,0,0,0,0,4,1,76,105,96,201,0.14,0.14,0.16,0.16,0.16,0.16,0.16,0.16,0.20,0.21,1.00,0
B6-2013,0,0,0,0,0,0,0,0,1,5,29,166,35,201,0.00,0.00,0.00,0.00,0.00,0.00,0.00,0.00,0.03,0.17,1.00,0
A1-2014,129,33,11,0,0,0,0,0,13,2,2,0,190,190,0.68,0.85,0.91,0.91,0.91,0.91,0.91,0.91,0.98,0.99,1.00,10
A2-2014,154,18,3,0,0,0,0,0,3,0,11,1,189,190,0.81,0.91,0.93,0.93,0.93,0.93,0.93,0.93,0.94,0.94,1.00,10
A3-2014,95,10,5,0,0,0,0,0,1,46,4,29,161,190,0.59,0.65,0.68,0.68,0.68,0.68,0.68,0.68,0.69,0.98,1.00,10
A4-2014,64,6,2,0,0,0,0,0,1,1,61,55,135,190,0.47,0.52,0.53,0.53,0.53,0.53,0.53,0.53,0.54,0.55,1.00,9
A5-2014,0,0,0,0,0,0,0,0,0,6,79,105,85,190,0.00,0.00,0.00,0.00,0.00,0.00,0.00,0.00,0.00,0.07,1.00,0
A6-2014,3,2,2,0,0,0,0,0,1,0,31,151,39,190,0.08,0.13,0.18,0.18,0.18,0.18,0.18,0.18,0.21,0.21,1.00,0
B1-2014,131,36,6,0,0,0,0,0,12,0,5,0,190,190,0.69,0.88,0.91,0.91,0.91,0.91,0.91,0.91,0.97,0.97,1.00,10
B2-2014,91,5,0,0,0,0,0,0,0,59,18,17,173,190,0.53,0.55,0.55,0.55,0.55,0.55,0.55,0.55,0.55,0.90,1.00,10
B3-2014,86,22,11,0,0,0,0,0,6,5,39,21,169,190,0.51,0.64,0.70,0.70,0.70,0.70,0.70,0.70,0.74,0.77,1.00,10
B4-2014,14,4,3,0,0,0,0,0,2,10,41,116,74,190,0.19,0.24,0.28,0.28,0.28,0.28,0.28,0.28,0.31,0.45,1.00,0
B5-2014,3,0,0,0,0,0,0,0,2,21,35,129,61,190,0.05,0.05,0.05,0.05,0.05,0.05,0.05,0.05,0.08,0.43,1.00,0
B6-2014,1,1,0,0,0,0,0,0,1,3,37,147,43,190,0.02,0.05,0.05,0.05,0.05,0.05,0.05,0.05,0.07,0.14,1.00,0
A1-2015,165,17,7,0,0,0,0,0,3,0,5,2,197,199,0.84,0.92,0.96,0.96,0.96,0.96,0.96,0.96,0.97,0.97,1.00,10
A2-2015,109,8,3,0,0,0,0,0,12,2,45,20,179,199,0.61,0.65,0.67,0.67,0.67,0.67,0.67,0.67,0.74,0.75,1.00,10
A3-2015,99,22,1,0,0,0,0,0,13,6,23,35,164,199,0.60,0.74,0.74,0.74,0.74,0.74,0.74,0.74,0.82,0.86,1.00,10
A4-2015,52,21,4,0,0,0,0,0,15,20,33,54,145,199,0.36,0.50,0.53,0.53,0.53,0.53,0.53,0.53,0.63,0.77,1.00,9
A5-2015,13,1,6,0,0,0,0,0,22,4,26,127,72,199,0.18,0.19,0.28,0.28,0.28,0.28,0.28,0.28,0.58,0.64,1.00,2
A6-2015,4,3,1,0,0,0,0,0,2,0,53,136,63,199,0.06,0.11,0.13,0.13,0.13,0.13,0.13,0.13,0.16,0.16,1.00,0
B1-2015,61,27,7,0,0,0,0,0,41,32,10,21,178,199,0.34,0.49,0.53,0.53,0.53,0.53,0.53,0.53,0.76,0.94,1.00,8
B2-2015,62,10,3,0,0,0,0,0,3,8,60,53,146,199,0.42,0.49,0.51,0.51,0.51,0.51,0.51,0.51,0.53,0.59,1.00,8
B3-2015,32,1,6,0,0,0,0,0,18,6,81,55,144,199,0.22,0.23,0.27,0.27,0.27,0.27,0.27,0.27,0.40,0.44,1.00,0
B4-2015,70,10,3,0,0,0,0,0,5,17,39,55,144,199,0.49,0.56,0.58,0.58,0.58,0.58,0.58,0.58,0.61,0.73,1.00,9
B5-2015,16,8,4,0,0,0,0,0,7,8,30,126,73,199,0.22,0.33,0.38,0.38,0.38,0.38,0.38,0.38,0.48,0.59,1.00,1
B6-2015,0,0,3,0,0,0,0,0,1,0,27,168,31,199,0.00,0.00,0.10,0.10,0.10,0.10,0.10,0.10,0.13,0.13,1.00,0
A1-2016,123,55,1,0,0,0,0,0,3,0,5,0,187,187,0.66,0.95,0.96,0.96,0.96,0.96,0.96,0.96,0.97,0.97,1.00,10
A2-2016,49,66,49,0,0,0,0,0,13,7,3,0,187,187,0.26,0.61,0.88,0.88,0.88,0.88,0.88,0.88,0.95,0.98,1.00,9
A3-2016,15,6,47,0,0,0,0,0,12,37,45,25,162,187,0.09,0.13,0.42,0.42,0.42,0.42,0.42,0.42,0.49,0.72,1.00,1
A4-2016,45,16,4,0,0,0,0,0,12,5,31,74,113,187,0.40,0.54,0.58,0.58,0.58,0.58,0.58,0.58,0.68,0.73,1.00,9
A5-2016,28,4,1,0,0,0,0,0,10,8,27,109,78,187,0.36,0.41,0.42,0.42,0.42,0.42,0.42,0.42,0.55,0.65,1.00,2
A6-2016,2,0,0,0,0,0,0,0,1,1,69,114,73,187,0.03,0.03,0.03,0.03,0.03,0.03,0.03,0.03,0.04,0.05,1.00,0
B1-2016,110,18,22,0,0,0,0,0,17,8,10,2,185,187,0.59,0.69,0.81,0.81,0.81,0.81,0.81,0.81,0.90,0.95,1.00,10
B2-2016,94,18,39,0,0,0,0,0,23,8,5,0,187,187,0.50,0.60,0.81,0.81,0.81,0.81,0.81,0.81,0.93,0.97,1.00,10
B3-2016,28,124,13,0,0,0,0,0,3,1,6,12,175,187,0.16,0.87,0.94,0.94,0.94,0.94,0.94,0.94,0.96,0.97,1.00,9
B4-2016,62,32,16,0,0,0,0,0,3,9,27,38,149,187,0.42,0.63,0.74,0.74,0.74,0.74,0.74,0.74,0.76,0.82,1.00,9
B5-2016,21,12,5,0,0,0,0,0,6,5,62,76,111,187,0.19,0.30,0.34,0.34,0.34,0.34,0.34,0.34,0.40,0.44,1.00,0
B6-2016,20,11,7,0,0,0,0,0,4,2,35,108,79,187,0.25,0.39,0.48,0.48,0.48,0.48,0.48,0.48,0.53,0.56,1.00,2
A1-2017,352,39,34,0,0,0,0,0,18,6,50,3,499,502,0.71,0.78,0.85,0.85,0.85,0.85,0.85,0.85,0.89,0.90,1.00,10
A2-2017,230,9,6,0,0,0,0,0,12,5,159,81,421,502,0.55,0.57,0.58,0.58,0.58,0.58,0.58,0.58,0.61,0.62,1.00,10
A3-2017,111,21,12,0,0,0,0,0,45,22,72,219,283,502,0.39,0.47,0.51,0.51,0.51,0.51,0.51,0.51,0.67,0.75,1.00,8
A4-2017,87,1,40,0,0,0,0,0,24,0,152,198,304,502,0.29,0.29,0.42,0.42,0.42,0.42,0.42,0.42,0.50,0.50,1.00,2
A5-2017,10,0,4,2,0,0,0,0,0,1,163,322,180,502,0.06,0.06,0.08,0.09,0.09,0.09,0.09,0.09,0.09,0.09,1.00,0
A6-2017,2,0,3,0,0,0,0,0,7,4,40,446,56,502,0.04,0.04,0.09,0.09,0.09,0.09,0.09,0.09,0.21,0.29,1.00,0
B1-2017,267,116,54,1,0,0,0,0,37,13,3,11,491,502,0.54,0.78,0.89,0.89,0.89,0.89,0.89,0.89,0.97,0.99,1.00,10
B2-2017,233,62,32,0,0,0,0,0,84,21,49,21,481,502,0.48,0.61,0.68,0.68,0.68,0.68,0.68,0.68,0.85,0.90,1.00,9
B3-2017,225,9,4,0,0,0,0,0,41,8,75,140,362,502,0.62,0.65,0.66,0.66,0.66,0.66,0.66,0.66,0.77,0.79,1.00,10
B4-2017,9,4,4,0,0,0,0,0,1,3,132,349,153,502,0.06,0.08,0.11,0.11,0.11,0.11,0.11,0.11,0.12,0.14,1.00,0
B5-2017,32,17,5,0,0,0,0,0,13,38,72,325,177,502,0.18,0.28,0.31,0.31,0.31,0.31,0.31,0.31,0.38,0.59,1.00,1
B6-2017,3,1,2,0,0,0,0,0,2,2,94,398,104,502,0.03,0.04,0.06,0.06,0.06,0.06,0.06,0.06,0.08,0.10,1.00,0
A1-2018,318,36,56,6,0,4,0,13,25,7,11,1,476,477,0.67,0.74,0.86,0.87,0.87,0.88,0.88,0.91,0.96,0.98,1.00,10
A2-2018,103,12,43,0,18,0,0,0,34,55,143,69,408,477,0.25,0.28,0.39,0.39,0.43,0.43,0.43,0.43,0.51,0.65,1.00,2
A3-2018,104,69,35,7,0,1,0,0,57,16,129,59,418,477,0.25,0.41,0.50,0.51,0.51,0.52,0.52,0.52,0.65,0.69,1.00,7
A4-2018,25,8,6,1,0,0,0,0,2,9,191,235,242,477,0.10,0.14,0.16,0.17,0.17,0.17,0.17,0.17,0.17,0.21,1.00,0
A5-2018,10,5,3,0,0,0,0,0,12,120,136,191,286,477,0.03,0.05,0.06,0.06,0.06,0.06,0.06,0.06,0.10,0.52,1.00,1
A6-2018,31,7,2,0,0,0,0,0,2,11,176,248,229,477,0.14,0.17,0.17,0.17,0.17,0.17,0.17,0.17,0.18,0.23,1.00,0
B1-2018,269,14,52,15,0,0,0,37,70,2,12,6,471,477,0.57,0.60,0.71,0.74,0.74,0.74,0.74,0.82,0.97,0.97,1.00,10
B2-2018,261,34,10,0,0,0,0,0,30,8,81,52,424,476,0.62,0.70,0.72,0.72,0.72,0.72,0.72,0.72,0.79,0.81,1.00,10
B3-2018,228,24,30,3,0,2,0,0,100,48,16,26,451,477,0.51,0.56,0.63,0.63,0.63,0.64,0.64,0.64,0.86,0.96,1.00,10
B4-2018,49,59,34,9,4,0,1,0,20,11,138,152,325,477,0.15,0.33,0.44,0.46,0.48,0.48,0.48,0.48,0.54,0.58,1.00,2
B5-2018,20,2,0,0,0,0,0,0,4,2,166,283,194,477,0.10,0.11,0.11,0.11,0.11,0.11,0.11,0.11,0.13,0.14,1.00,0
B6-2018,43,0,0,0,0,0,0,0,2,6,158,268,209,477,0.21,0.21,0.21,0.21,0.21,0.21,0.21,0.21,0.22,0.24,1.00,0
A1-2019,207,38,84,17,0,0,32,9,4,4,9,10,404,414,0.51,0.61,0.81,0.86,0.86,0.86,0.94,0.96,0.97,0.98,1.00,10
A2-2019,290,19,10,0,4,0,0,0,4,5,42,40,374,414,0.78,0.83,0.85,0.85,0.86,0.86,0.86,0.86,0.87,0.89,1.00,10
A3-2019,128,6,1,0,0,0,1,0,58,12,87,121,293,414,0.44,0.46,0.46,0.46,0.46,0.46,0.46,0.46,0.66,0.70,1.00,2
A4-2019,36,5,2,0,0,0,0,0,2,4,109,256,158,414,0.23,0.26,0.27,0.27,0.27,0.27,0.27,0.27,0.28,0.31,1.00,0
A5-2019,72,21,4,4,0,5,4,2,7,33,95,167,247,414,0.29,0.38,0.39,0.41,0.41,0.43,0.45,0.45,0.48,0.62,1.00,1
A6-2019,8,7,2,0,1,0,0,1,2,8,80,305,109,414,0.07,0.14,0.16,0.16,0.17,0.17,0.17,0.17,0.19,0.27,1.00,0
B1-2019,189,106,21,14,0,0,0,2,54,8,14,6,408,414,0.46,0.72,0.77,0.81,0.81,0.81,0.81,0.81,0.95,0.97,1.00,9
B2-2019,92,20,4,0,0,0,4,1,1,2,135,155,259,414,0.36,0.43,0.45,0.45,0.45,0.45,0.46,0.47,0.47,0.48,1.00,0
B3-2019,41,2,1,2,0,0,0,0,7,4,162,195,219,414,0.19,0.20,0.20,0.21,0.21,0.21,0.21,0.21,0.24,0.26,1.00,0
B4-2019,25,8,3,2,0,0,15,11,10,9,52,279,135,414,0.19,0.24,0.27,0.28,0.28,0.28,0.39,0.47,0.55,0.61,1.00,2
B5-2019,138,13,7,0,0,0,1,0,9,10,81,155,259,414,0.53,0.58,0.61,0.61,0.61,0.61,0.61,0.61,0.65,0.69,1.00,10
B6-2019,59,0,0,0,0,0,0,0,93,7,32,220,191,411,0.31,0.31,0.31,0.31,0.31,0.31,0.31,0.31,0.80,0.83,1.00,2
A1-2021,369,14,36,4,8,0,93,0,2,1,6,2,533,535,0.69,0.72,0.79,0.79,0.81,0.81,0.98,0.98,0.99,0.99,1.00,10
A2-2021,239,14,36,14,0,0,0,31,41,44,59,57,478,535,0.50,0.53,0.60,0.63,0.63,0.63,0.63,0.70,0.78,0.88,1.00,10
A3-2021,66,2,4,2,0,0,0,39,49,52,78,243,292,535,0.23,0.23,0.25,0.25,0.25,0.25,0.25,0.39,0.55,0.73,1.00,2
A4-2021,7,0,2,2,0,0,0,0,0,1,115,408,127,535,0.06,0.06,0.07,0.09,0.09,0.09,0.09,0.09,0.09,0.09,1.00,0
A5-2021,130,20,5,3,0,0,0,6,35,34,114,188,347,535,0.37,0.43,0.45,0.46,0.46,0.46,0.46,0.47,0.57,0.67,1.00,2
A6-2021,4,1,1,0,0,0,0,0,0,1,150,378,157,535,0.03,0.03,0.04,0.04,0.04,0.04,0.04,0.04,0.04,0.04,1.00,0
B1-2021,204,18,47,16,0,0,0,0,23,32,115,80,455,535,0.45,0.49,0.59,0.63,0.63,0.63,0.63,0.63,0.68,0.75,1.00,8
B2-2021,114,12,1,0,0,0,0,1,11,102,124,170,365,535,0.31,0.35,0.35,0.35,0.35,0.35,0.35,0.35,0.38,0.66,1.00,1
B3-2021,28,10,0,0,0,0,0,0,2,3,80,412,123,535,0.23,0.31,0.31,0.31,0.31,0.31,0.31,0.31,0.33,0.35,1.00,0
B4-2021,27,40,12,0,0,0,0,0,34,35,62,325,210,535,0.13,0.32,0.38,0.38,0.38,0.38,0.38,0.38,0.54,0.70,1.00,2
B5-2021,58,4,1,2,0,0,0,1,0,4,94,424,164,588,0.35,0.38,0.38,0.40,0.40,0.40,0.40,0.40,0.40,0.43,1.00,0
B6-2021,8,1,2,0,0,0,0,0,0,16,52,456,79,535,0.10,0.11,0.14,0.14,0.14,0.14,0.14,0.14,0.14,0.34,1.00,0
A1-2022,142,91,54,12,4,0,0,1,49,44,78,71,475,546,0.30,0.49,0.60,0.63,0.64,0.64,0.64,0.64,0.74,0.84,1.00,8
A2-2022,114,38,23,27,23,6,8,5,8,7,124,163,383,546,0.30,0.40,0.46,0.53,0.59,0.60,0.62,0.64,0.66,0.68,1.00,7
A3-2022,204,25,32,0,0,0,0,0,20,6,27,232,314,546,0.65,0.73,0.83,0.83,0.83,0.83,0.83,0.83,0.89,0.91,1.00,10
A4-2022,29,101,3,4,2,7,5,1,12,73,60,249,297,546,0.10,0.44,0.45,0.46,0.47,0.49,0.51,0.51,0.55,0.80,1.00,4
A5-2022,6,0,2,1,0,0,0,0,20,69,112,336,210,546,0.03,0.03,0.04,0.04,0.04,0.04,0.04,0.04,0.14,0.47,1.00,0
A6-2022,1,1,1,0,0,0,0,0,4,2,41,496,50,546,0.02,0.04,0.06,0.06,0.06,0.06,0.06,0.06,0.14,0.18,1.00,0
B1-2022,288,83,41,14,0,0,0,13,13,12,42,40,506,546,0.57,0.73,0.81,0.84,0.84,0.84,0.84,0.87,0.89,0.92,1.00,10
B2-2022,107,83,57,38,25,19,19,20,21,32,38,87,459,546,0.23,0.41,0.54,0.62,0.68,0.72,0.76,0.80,0.85,0.92,1.00,8
B3-2022,103,28,4,0,0,0,0,0,50,50,90,221,325,546,0.32,0.40,0.42,0.42,0.42,0.42,0.42,0.42,0.57,0.72,1.00,2
B4-2022,36,30,15,0,0,0,0,0,6,55,96,308,238,546,0.15,0.28,0.34,0.34,0.34,0.34,0.34,0.34,0.37,0.60,1.00,1
B5-2022,16,6,1,0,1,1,33,16,1,10,100,361,185,546,0.09,0.12,0.12,0.12,0.13,0.14,0.31,0.40,0.41,0.46,1.00,0
B6-2022,1,0,0,0,0,0,0,0,3,6,114,422,124,546,0.01,0.01,0.01,0.01,0.01,0.01,0.01,0.01,0.03,0.08,1.00,0
A1-2023,426,68,10,0,0,0,0,2,2,1,7,0,516,516,0.83,0.96,0.98,0.98,0.98,0.98,0.98,0.98,0.98,0.99,1.00,10
A2-2023,368,27,81,5,3,0,0,10,2,0,6,14,502,516,0.73,0.79,0.95,0.96,0.96,0.96,0.96,0.98,0.99,0.99,1.00,10
A3-2023,7,13,4,1,0,0,17,2,15,230,105,122,394,516,0.02,0.05,0.06,0.06,0.06,0.06,0.11,0.11,0.15,0.73,1.00,1
A4-2023,31,18,34,20,0,0,0,0,68,23,45,277,239,516,0.13,0.21,0.35,0.43,0.43,0.43,0.43,0.43,0.72,0.81,1.00,2
A5-2023,10,3,13,0,0,0,0,0,36,9,52,393,123,516,0.08,0.11,0.21,0.21,0.21,0.21,0.21,0.21,0.50,0.58,1.00,2
A6-2023,16,0,1,0,0,0,0,0,26,62,73,338,178,516,0.09,0.09,0.10,0.10,0.10,0.10,0.10,0.10,0.24,0.59,1.00,1
B1-2023,373,42,20,3,0,0,0,44,17,4,9,4,512,516,0.73,0.81,0.85,0.86,0.86,0.86,0.86,0.94,0.97,0.98,1.00,10
B2-2023,239,19,5,0,0,0,0,1,8,41,118,85,431,516,0.55,0.60,0.61,0.61,0.61,0.61,0.61,0.61,0.63,0.73,1.00,10
B3-2023,80,12,23,0,0,0,0,33,51,14,92,211,305,516,0.26,0.30,0.38,0.38,0.38,0.38,0.38,0.49,0.65,0.70,1.00,2
B4-2023,8,3,7,6,0,0,11,15,20,36,109,301,215,516,0.04,0.05,0.08,0.11,0.11,0.11,0.16,0.23,0.33,0.49,1.00,0
B5-2023,21,10,4,0,0,0,0,0,18,72,77,314,202,516,0.10,0.15,0.17,0.17,0.17,0.17,0.17,0.17,0.26,0.62,1.00,1
B6-2023,1,0,0,0,0,0,0,0,0,1,27,487,29,516,0.03,0.03,0.03,0.03,0.03,0.03,0.03,0.03,0.03,0.07,1.00,0